username,player_id,joined,is_active
007blond,85068486,1673653634,1
0812leonliu,163496945,1656758775,1
180dave,61963236,1672388019,1
1960iron,17715836,1423432951,1
1v8n,26633668,1463431009,1
2heads,16057924,1513200078,1
86_beans,190070319,1671779605,1
aaronchristopher96,49139072,1601070054,1
aaronleckinger,3155672,1602866005,1
abomb511,239454043,1682341977,1
acerb95,68263874,1655077445,1
adamlevy1982,74919662,1670543932,1
adg2525,203609585,1672043296,1
aeh690,4609581,1368162767,1
aknightslayer,4270721,1384857198,1
al2fresco,11026586,1366734456,1
albenn,7819606,1689025991,1
aldemir68,101029974,1652279863,1
aldooooo,7863896,1654809225,1
alfil_dadaista,29295688,1652554464,1
alialahmad13,205234893,1680443849,1
allenon,19701942,1653837300,1
amsterdam641,120326780,1673684389,1
anatoliy10912,39733750,1690303963,1
andrew6706,18743650,1420032783,1
andyd19,137111,1536672922,1
andythetee,31405328,1516112522,1
angelped03,134505882,1662299580,1
anthony008,30995004,1537551875,1
april280,64669256,1605964449,1
ar7an,21482106,1654697696,1
arealeus,4560062,1516053281,1
areeddoc,77019938,1689029188,1
arixegal,31478358,1627838571,1
arman_1986,12149864,1609577590,1
arnesmekens,26570826,1657458514,1
atis_d,4528377,1666719937,1
atj1968,7296,1427957151,1
atkanarkan,49678052,1660336310,1
azizbai,34186570,1650511204,1
bail_the_bard,90955702,1670490016,1
baldy2k49,5508373,1550238207,1
ballbob1,5959998,1382297552,1
bbaxley,15438274,1657486316,1
bcooollll,1520929,1573685725,1
beanbennett,32331670,1540276853,1
beatthenoobs,97681210,1658170293,1
beejay908,280654623,1686127383,1
benrogers71,107920498,1678739974,1
bernardhgaskin,15856688,1427018867,1
bettik29,160874339,1673523583,1
biagio160,66419092,1574398220,1
bigboey78,182482503,1653227845,1
biggene,2807586,1660764291,1
bill0007,6279581,1398447895,1
bishopbandit,6049397,1383045820,1
bjg1000,151896757,1689233191,1
blackcountryman,26929738,1472296883,1
blackers19,12686098,1671041675,1
blacklotusaw,130022554,1664919818,1
blaze-87,17081728,1432313377,1
blewberg1066,416741,1492141529,1
bluebellann,99670306,1657834485,1
bluebird52,6367517,1409252256,1
bmk12,3244909,1522276342,1
boatiemax,5547434,1395216739,1
bolden_kekana,197593715,1670658335,1
bolinii,14253984,1672602805,1
bombertank,5915557,1604664188,1
bonfireofthevanities,153176475,1656916483,1
boris_altman,10570680,1645300729,1
bostick,2035694,1490979178,1
bostongurka,2729041,1484046504,1
boyleboy3,90214750,1661985813,1
br1bri,126261790,1673479203,1
br4v3hrt,13039294,1602142480,1
braindeadcz,56360928,1554377976,1
bravenam,21786802,1689147474,1
bredko,117432198,1667045415,1
bregz,27369042,1664950535,1
briansanjines17,23067922,1665988517,1
brock957,31649758,1664465140,1
brownbones,80866600,1674112226,1
buni1231,86239860,1666955297,1
burlachuk,39940736,1673428582,1
calico253,4873307,1367821047,1
camilla_lee_honeytrap,203816257,1680479230,1
caniwi,4989033,1398196242,1
capareloaded,67735570,1667057200,1
capeace,2595389,1630721043,1
cardiff,1698243,1374952397,1
cargiac28,59175174,1671831156,1
cariocabotafogo,31067740,1657710299,1
carlosfandango,2343656,1517699143,1
carmpagano,2379743,1605557840,1
caromariva,81124674,1627193308,1
cbrough,6545312,1459861245,1
ccccretan,119785166,1653638876,1
ceefa,1342986,1673300722,1
ceejaysstar,6620069,1382101904,1
cerebralator,23725264,1459702943,1
chakqs,30679912,1652550946,1
charlottehk,15670760,1400148470,1
checquem8,8915778,1433897869,1
cheech-420,22445032,1490517085,1
cherhan,13796660,1620309888,1
chess_pariah,272385553,1681647359,1
chessboarddarren,44686080,1609602228,1
chesschad200,28177560,1657670496,1
chessman1963,3156313,1522910255,1
chessmarine310,35189562,1663109067,1
chessron99,96799100,1658699466,1
chesstiger7,11765428,1653166023,1
chesstitan249,13205238,1689852221,1
chestermike,18743392,1515256382,1
chimken2020,120844296,1670487348,1
chrischess1,1851189,1451728884,1
chrismcsheehy,92057760,1664635839,1
chuck2691,50718194,1628024629,1
cklose2000,3702867,1653748322,1
clawhammer72,2892533,1387434448,1
cleopatrachess2016,29667574,1690473662,1
cocito18,38893102,1586416354,1
coconut00,20332574,1595346474,1
colben,7745216,1467822048,1
coldmetal,10975864,1664986027,1
collapsum,7249341,1559801988,1
commonloser,64259676,1572363762,1
computergamer,11479692,1386005594,1
connor567,9687116,1507561784,1
cool-colin,4041357,1373462177,1
coolcheck108,164540659,1681657054,1
coolwatch60,146720175,1680133513,1
cornerpinplayer,8894526,1372696638,1
craigesk,28931774,1538046233,1
crazymeercat,141403469,1661413542,1
creatingchaos,37460402,1516112539,1
crystaldragoneye,3729240,1565169205,1
cuths16,62419876,1565204177,1
cypherblack,115306244,1672387997,1
d76williams,24281128,1457795005,1
dan-ostler,2838305,1519569585,1
dancazacumd,86798234,1667087535,1
darius321,46497844,1690717051,1
darrencarden,74587032,1673794835,1
darrinm,23248498,1439487164,1
darthdiabetes42,125700390,1664575850,1
dave_1976,16235872,1433316069,1
daverose0106,2176725,1374626420,1
davesigi,90724588,1680444944,1
david05,2118482,1376667853,1
david24420,22764730,1667034714,1
davidhhowell,43575052,1532624319,1
davidpeardon,14095690,1385976739,1
davidwatling,30939494,1542233680,1
davidwrunner2,50798752,1559168256,1
dazsaunders,98137606,1618004118,1
dbalanza2,473821,1667608526,1
dd000000,154924191,1674286414,1
de_gudvin,193589595,1672214290,1
deanred16,30490542,1530277102,1
deemts,31171130,1662100346,1
deepicex,67699878,1651241380,1
defaultanomaly,17894380,1404424226,1
dentoeter,13640760,1607354898,1
desertpawnsw,45930474,1653251637,1
detectie,94718792,1654202427,1
detroitlions1,20823496,1604786669,1
detroitrox,20122490,1604697433,1
devster27,28290148,1690218782,1
dfgh123,11003274,1380724017,1
didlesknowmydad,2413955,1375306660,1
dimosthenisg,24791124,1653503586,1
djdave28,8876344,1362663259,1
dmitrykorotkih1,88776232,1620732491,1
dodobirdthe3rd,159998007,1672725164,1
domidomi0505,71809700,1669288489,1
donkeyotea,150289879,1681060913,1
draakamel,70763474,1683367245,1
dragon_7984,20878148,1680533468,1
dragonstorm1276,173822479,1685898712,1
drbevill,64563236,1652625811,1
dsm_uk,52420390,1654807339,1
dtresham,3683856,1656916371,1
duckster123,3654114,1418988925,1
dukchianze,124016816,1667024903,1
dusayarov,154140169,1672481195,1
dusha83,4764438,1666933879,1
dustyhunter79,102961042,1673693487,1
dwtrue207,113390780,1655619539,1
echipajr,191042693,1673815614,1
edseds,1957159,1439287193,1
eduardomm83,86176248,1654891606,1
edwinaugustus,1720492,1367566793,1
edwinkm,4158195,1673940254,1
egyptian-pharaoh76,38115526,1665977265,1
elefante38daughter,196539203,1680905231,1
element_0,52548820,1662099883,1
elhalverson,30809344,1547742887,1
elm49,6252033,1559709038,1
emsworth-sussex,23166472,1497203717,1
endlesstrax,3132366,1404056500,1
endrue,96624442,1673784199,1
erfan19,12985180,1663403441,1
escakalnegre,21978678,1663014405,1
esoraltrebor,3995380,1686159402,1
etsi44,95362288,1656267310,1
evercombe,27336240,1519573951,1
evtimpeytchev,4226387,1391419992,1
fabius_bile,4557911,1542643791,1
faeryhorse,3806589,1383658664,1
fanty5,16067288,1689883957,1
feelingsometypeofway,9838644,1661864701,1
ffilip2010,4152618,1547292410,1
fgalmeid,43915254,1606651200,1
fhwee,2333386,1545567301,1
filarska,43312072,1673000500,1
finaldriver4,110055152,1689581900,1
finarfin,3784165,1468286476,1
flashgeordan,14354438,1405327161,1
flavouride,56602166,1581538809,1
fletch1664,554961,1388248449,1
flyingfeats,3913651,1656889459,1
forestgate,7367091,1669360593,1
forzafiume87,40862542,1653146516,1
fostej,29157404,1500203275,1
foxyd,10841920,1533650642,1
frankfok,3584028,1673028976,1
fraserjcamero,12035140,1388532183,1
fsasamkhodjaev,172637685,1671779677,1
g-fischer,29755592,1663535277,1
g-g-4,51415374,1662827601,1
gandad,2107891,1405768722,1
gardenman62,24188458,1531862387,1
gbrown057,280951,1361528076,1
gcresp,33551055,1673205536,1
gennady_boychenko,60654637,1690284131,1
gent00,63080962,1620713655,1
gerardconnolly,21195864,1490481067,1
giaarvel,15777532,1577197954,1
ginesillopasamonte,17461118,1456487179,1
giraffebha,43406786,1532612080,1
gl1812,146350215,1671779696,1
glitterbomb,27341802,1511731913,1
gormenghast1,37973604,1527624177,1
gotterdamnrung,14952410,1556211187,1
gray_cat,34308084,1653396365,1
greatrexr,1768706,1555345695,1
greydane769,33473161,1689583839,1
gubran1983,179137677,1658275106,1
guchlu,9316266,1601911710,1
gunmonkey89,9492114,1472300666,1
gwyn,207391,1390924144,1
h_attack_defense,18244120,1638609172,1
hakunatime,60768576,1673991350,1
harmelle,30293746,1660458650,1
harveysrockbar,60979058,1673377403,1
havastar,1697752,1605597920,1
hectormcgregor,80363740,1685091298,1
hendosun,53277250,1590275351,1
henryedwardbird,4111335,1419087693,1
heredog,1845197,1662013537,1
hihan,16954906,1547802688,1
holah,41477094,1626033213,1
hollywoodgwd,24271044,1481142746,1
holmfirthtiger,212536493,1680127579,1
holwickhobby,70388826,1614082903,1
honkonbobo,69588902,1576826385,1
hop-along,10898650,1688937857,1
horsechessnut,1611574,1540493767,1
howmudafuds,26390468,1527339916,1
hugobribeiro,102868670,1626557281,1
ibbyk06,92864604,1675076006,1
icarus58,204201875,1689546676,1
ilanmarcuschamer,23642518,1471206750,1
ill_be_black,51996130,1651063255,1
inkhee,46673260,1536218193,1
inlovewithjesus,11061602,1603180502,1
intrepidberk,1359872,1391187964,1
is-builder,126620612,1690293087,1
ivanhoeiii,62090768,1640101196,1
izovat,154170421,1657522872,1
iztacoyolt,128807948,1645301179,1
j0zerive,78770934,1664851201,1
j4cktorr4nce,20463994,1455457595,1
j_p_chess,3630123,1606708089,1
jaberwok,13916454,1604394887,1
jackandn,5424228,1399109498,1
jackk91,39539738,1651724075,1
jaimefw,38411222,1681324839,1
jameshardly,165742251,1666497576,1
jarel1,36117422,1608528338,1
jase684,9187658,1366654206,1
jbooth,6379022,1403885737,1
jbx6,17237000,1463083823,1
jdouglas78,13849442,1447417792,1
jgolf1234,139292674,1662296449,1
jimboki,1808735,1651219219,1
jimcooley3rd,25165804,1650540789,1
jimhig,35717692,1499424442,1
jiriki_longfellow,55415732,1650625645,1
jjmar,7325929,1678217909,1
jm0850,74584980,1664552086,1
jm3333,5777984,1618773897,1
jmedina18,151578683,1673664818,1
jodares,111639056,1652636556,1
jom84,62330959,1661864901,1
jonathansmuggler,40755796,1651919130,1
jonoda,99733834,1659006235,1
jontyroach,142903621,1657144213,1
joss_bartleet,4650023,1675513551,1
jpzheng,6031766,1653644736,1
jsamgd,2177411,1626537410,1
judehardy1,38122236,1680438318,1
julianvillacis,37773182,1550757704,1
kami60,93506485,1666801610,1
kamleein,14174742,1572194767,1
kareemblack,10034440,1655933896,1
kathang_diwa,25379220,1617691803,1
kbrianton,5767651,1671752711,1
kbrownmx,27238588,1655619557,1
kevinilsley,6885937,1407081731,1
kevmokasparov,92795654,1603029132,1
kheopsz,19487152,1554555034,1
kidcharlamegne,5955825,1569870613,1
killerkween,48202140,1602622995,1
kingdomechess,126853100,1690284800,1
kinggkongg,4968937,1609486553,1
kingslayer46,18328108,1451208242,1
kiwikopite,8000184,1532633917,1
kmireland,9239136,1522595461,1
konroh,1351941,1664915458,1
kotov2000,13978996,1625925593,1
ksp4123,68049488,1576084952,1
kuk143,30367086,1650521088,1
lapequenana,126069664,1673875377,1
lardonio,15593106,1656024973,1
layla138,86805774,1661697738,1
lbjon,28636431,1550850680,1
ldnovice,36052648,1499537971,1
lears50,4858095,1421837638,1
leftknight4,5042724,1681485264,1
leonidassparte,147956447,1673853161,1
leoschmoll,49299088,1606096669,1
limeyjoe,12459058,1401735810,1
lincoln_imp,111708366,1637502905,1
lisan99,37027244,1537135067,1
littlemarshmallow,41235904,1535144513,1
ll2308,4256582,1463731089,1
lord_leon,51454028,1657563097,1
lornejustise,40947694,1526908536,1
lostapiece,18384,1385154885,1
lostkiwi5,17414012,1665641837,1
loveless47,158185875,1675339472,1
lufcab,2255969,1661215013,1
luke_one,25103562,1543317383,1
lulu8117,58710040,1565799130,1
maanas261558,165674085,1658129505,1
mackoym,23887890,1548382784,1
madmonch,56234660,1658065289,1
magnat_tv,175803011,1672207554,1
malcolm1957,4901793,1420396736,1
malcolmfancy,6456624,1375779298,1
mannythehorse,5047493,1664950539,1
mansourmesdaghi,127091746,1658672717,1
manuchehr,4273619,1547033233,1
maratgb,41893700,1652101382,1
marianneolsen,57007030,1654059094,1
mariusm1983,127525640,1655184839,1
mark_elston,2262159,1379175732,1
markaahdy,102459094,1683227780,1
markovitez,75015108,1604242294,1
marrover9,10321504,1449024368,1
marsmonolith,204024059,1689029190,1
martelis1,138040544,1673542371,1
matt_the_shield,6250719,1490911292,1
matthew1246,5769797,1572505962,1
matthiask24,27068794,1610656137,1
maxchristopher,37415764,1681809270,1
maximos-joy,209428539,1689542888,1
maxthechessdog,108387362,1672387976,1
maytin2,21820746,1433894273,1
medeja1972,24400876,1504773326,1
megadeal46,24019358,1473771653,1
mehdiafshari,30033958,1673554879,1
melanchton257,31910584,1670697203,1
meninkain,16156762,1656824144,1
micah-r,137413078,1653934603,1
michael85w,25609568,1610735884,1
michaelmicarlitu,38107282,1680435697,1
mickfrings,17792868,1673476420,1
miday,69563038,1667023259,1
midnight61923,143060485,1679407878,1
minadobs,30428354,1658741771,1
minerva53,13736176,1383333794,1
miniman2804,6636319,1494321030,1
mirvi008,24486442,1613559621,1
mitzikate,15891094,1400144469,1
mladenkrsic,39424640,1626207978,1
mocepenso,6442529,1665900308,1
mohamed_aziz_fadhel,190064057,1666514040,1
momobenni,118911666,1654697797,1
montanadog,32563224,1490965119,1
montyspringer,9255666,1681583794,1
moscatirar,69060276,1604250134,1
mralexanderj,39736632,1653639630,1
mrbevill,30480548,1552743187,1
mrbishop34,6590433,1675708119,1
msa1994,5652158,1653670898,1
msrbpawn,57788084,1689328218,1
mt1969,26072454,1471773891,1
mysteru1,136280374,1636012775,1
naitikkadam,128271082,1653400284,1
nashwannmahfoud,156058371,1651602808,1
nastynick10,47507948,1563268641,1
neumi7,57161717,1664948080,1
neutronbob14,17340504,1553351835,1
nic853,15404636,1451836186,1
nichabodnik,10254440,1603564751,1
nichols_ted,32412672,1658125824,1
nicky66,8637990,1508261134,1
nikita0542,198542053,1690285656,1
nikolay1970,30652358,1655823408,1
nima_snsh,7757800,1673024925,1
nks1402,86253220,1652174211,1
nonblinker,92470230,1653390178,1
norton1970,31781776,1522082138,1
notfrankturner49,132545072,1651795486,1
notthemindtrick,145226701,1662295536,1
nvillate,21196108,1464194597,1
nwalters72,16856296,1402832174,1
nyonies,12974394,1650654578,1
officialshawa,57557662,1676376378,1
ola-v,13739172,1609183403,1
olaf_j,126448468,1661862198,1
oldwoof,5551032,1361709779,1
oliverjacobo,155051197,1672714826,1
oliverlippold,37450276,1502029383,1
olivermart,26554406,1673914859,1
omkumis,85613872,1657342538,1
oystermuffin,77676234,1690202560,1
pabloquiroz,30083472,1664828737,1
pal05,72890314,1675667889,1
palidan5,15254210,1651993817,1
papabare87,2305041,1622441972,1
papafrancescoxv,158236575,1652762479,1
pathyjr,73019326,1651483979,1
patztheboss,88772284,1681245526,1
paulh1958,22158406,1651161461,1
pepe-le-pew3,65283350,1658349120,1
peternickals,64425402,1584625781,1
petipion,70546600,1647933400,1
petitchat,4666815,1665555170,1
petrod123454321,44509926,1667002633,1
petrolifero,70446744,1654052207,1
pga256,8635846,1374337415,1
phizzer,1342855,1387288797,1
phoenixrise89,3661536,1653592085,1
piarganchan,7866560,1660554227,1
pituxa1963,107863240,1670673099,1
pkt1975,24216198,1457987733,1
pmorri38,2650759,1454396766,1
poetofchess,13899514,1681290275,1
poisondartfrogplayz,155543165,1678208806,1
pollakandras,16567202,1559127742,1
powerboat,36795982,1514654247,1
praxis1,27354378,1604312100,1
premraaj90,11149068,1673286367,1
professortwitch,1579482,1584351999,1
progamer2340,256187827,1686305434,1
project_sb_2501,3079544,1383056659,1
prom1theus,94793724,1617628561,1
provice,2500705,1603469447,1
psych4052000,72548474,1603225511,1
puppy1134,49740490,1672184715,1
putman57,95435140,1660515426,1
q2pops,2019222,1505947985,1
rakieta1980,7736026,1633177937,1
ramichess,2456153,1664949870,1
rampantlou,13365526,1389896632,1
ravi54,22884424,1655809949,1
realbacano,116067840,1659131996,1
redsox1970,7481468,1652984990,1
revskip,12357604,1372794830,1
reyrambler1960,5348408,1392042681,1
rha3gar,12001426,1658009726,1
rhoscliff,16738776,1420972540,1
richmarsh,53205354,1661681930,1
ristoalexander,128670378,1659904533,1
rlparkeruk,20311700,1651233756,1
rml42,1375713,1662249081,1
rockbadger,10837,1413049311,1
rockfel22,37402420,1528025708,1
rofer19,69670750,1672098352,1
rollerball1,2090849,1420993276,1
royjeffrey,5835647,1653572662,1
rstables,23107234,1444481881,1
ryancheng1162,124068686,1658440897,1
sacbutt,12869576,1482612195,1
sagar459,37739992,1684517571,1
samafousi,1818411,1608004268,1
samsam06,15722032,1537117998,1
samybayatly,36041204,1648409265,1
santssants,196082577,1673781093,1
satyanugrahaputra,14412116,1586836373,1
saywhen,8664292,1652568291,1
schrob,17701796,1678207847,1
scouserone,86876962,1684344177,1
sectumsemprax,27949018,1655730720,1
senuja_illangakoon,91249376,1663250399,1
ser113g,192350969,1673756611,1
setora88,100093718,1673834990,1
settlepetal,121966884,1655662291,1
seventeenscents,180098575,1652422690,1
shack_b,9580190,1547898027,1
shanab12,170911611,1658471401,1
sharpie1981,5236028,1502971692,1
shax-mat,5038157,1366553286,1
shdk1980,29600980,1662291540,1
shnymola,51488338,1604756648,1
siddezra,48498634,1674816960,1
silverxantia,7625448,1362675488,1
six_coins,146755053,1662260002,1
skiggy61,25842416,1582926275,1
skua2020,32487058,1516470013,1
slbenfica456,179903277,1678039057,1
smcc89,250958175,1685563487,1
snakessssssssss,124827863,1670640099,1
sneakyqueen,2592997,1602255583,1
soeren164,118203064,1652106763,1
softjet,6500805,1583602107,1
solafuthi,5004904,1602311648,1
soldier-of-jesus,42799032,1573412397,1
soligo66,109002174,1658441531,1
somebodydidthis,70365172,1597270513,1
sparisote,23661592,1472291599,1
speedbird,1334371,1380628268,1
spikesdad,9444624,1376064247,1
spowmaster,4009484,1421276093,1
spyrosma,179864673,1673681852,1
squashcoach,2170511,1376670146,1
steadfast61,5155608,1406052725,1
stepan123123,34172624,1653064950,1
stephano75,78496528,1655145699,1
steve-rove,14655852,1389123157,1
steve2906,72556420,1599652140,1
steve_robinson,3283766,1389598308,1
steven_thijs,30741778,1675377756,1
sthbristolshifty,16113302,1420993943,1
stratanen,94703292,1665249160,1
superman0069,5973632,1390894015,1
svetozarsimov,42668602,1661416178,1
symphonicia,17158894,1401381628,1
tapietrick,117132056,1661347878,1
tarekmst2002,141724579,1654083806,1
tazbrushstrokes,21481698,1458921189,1
tbc76,1976005,1383165050,1
td_d,183371193,1666499402,1
tech603,28029438,1549652178,1
telemachus7,11418558,1595072659,1
temptedninja,49016186,1674040104,1
terentiusvarro,21534192,1451118394,1
terry222,2434088,1405790042,1
teutly,72781722,1674399891,1
the-wire,228016807,1683374829,1
theboo,1721213,1547327906,1
thecharityman,3977306,1466520961,1
thecloser80,164750535,1658057073,1
thecobwebby796,56622900,1672303751,1
thedogbobson,122115242,1658237093,1
thedrunkenmaster,6926795,1421335291,1
thefmp,59485712,1651353284,1
thelastqueen,31335574,1689083396,1
thelegend_10,154886047,1654823257,1
thepawnchef,8199942,1685035400,1
therealcheese27,127338246,1673916007,1
thereaperman,1964807,1422537887,1
theyear9876,2373225,1387890038,1
thinkingcarefully,94771170,1626768205,1
thinline,2555589,1414911849,1
thisnameistaken12,67208640,1603576912,1
thomasparr,42948908,1633849417,1
thomsjrj,5565384,1558426603,1
threesons,15303518,1551991512,1
tilbs_12,188913105,1673629106,1
tim15814,251066741,1684779331,1
tmeece63,7393953,1390745650,1
tomadlard,26290942,1457601899,1
tomahhawk,68098094,1634736880,1
tomh67,240713601,1678649651,1
tommy_zephyr,5144798,1363623121,1
tompko,9287428,1517844131,1
tony5816,22705674,1543492921,1
topcat1974,32111916,1504637553,1
trevoraw,99072884,1689193604,1
trigger2,13468256,1416145727,1
trix52,11643272,1656277181,1
trixter89129,8875034,1672697877,1
trumjeter,23922478,1480898730,1
trurojoe,1982195,1519111706,1
tt1499,28077630,1598217028,1
tunde_ajao,9875356,1453378076,1
tundradon,42063924,1532011939,1
ubergolfer,2346477,1539696348,1
ultimateshadowdragon,62265932,1563974178,1
upcomminggm,146426195,1658091589,1
ventingpoem2,149699457,1665988464,1
victorstenshin,44341752,1620841845,1
vikasgupta0205,97198318,1674628482,1
vikrams02,29632720,1581978691,1
vlad_tepes_iii,44409314,1652005771,1
vova346,70582054,1603867382,1
vy350wagon,11108054,1393317990,1
waialex,59082266,1626671051,1
wallace_wang,35869808,1598357890,1
wallyweinberger,24216030,1485457718,1
wearsider,4692851,1608571588,1
welsford,4649880,1526130782,1
whynotplayagain,7368179,1657840310,1
wightman,2406206,1464008344,1
willersdan,5468173,1513697481,1
willistheknight,76825030,1604087779,1
wizardaxe,22385808,1441461067,1
wolff-jones14321,136303454,1621626242,1
wonderfolly,13201302,1460455277,1
xacerimmer,167405423,1660723442,1
xandassu,32334892,1559524817,1
xrayas,95000696,1662309794,1
yavvee,94927396,1636586592,1
yelenofftroy,182099953,1674632621,1
yogabija,3829791,1463608233,1
yongo78,17840512,1563968838,1
youtube19,33522073,1603994181,1
yuwild,35044166,1690721807,1
zag91,63252298,1667342252,1
zagg5433,100714874,1667378355,1
zendak,62763894,1656040071,1
1337nickb,12694412,1657145248,0
4overnor,60544839,1667358628,0
a-marinho,159353297,1653504880,0
a_joy,61578950,1664625798,0
aayuchampion,11284314,1599808622,0
abduvali83,53141814,1680433820,0
aendayana77,45757856,1651671781,0
afcwheels22,172934249,1650635094,0
ahphoey,30278968,1658063294,0
ajv9legend,151177485,1674657442,0
alikingproo,69410410,1680435518,0
alsonnik,26184988,1609930665,0
anarchic,11539682,1483991060,0
andrevlok2019,66607940,1658247749,0
andriy_yaremovych,16328990,1652637795,0
angieren007,7482382,1374309937,0
angl1an,187148587,1655981647,0
anhtvt,148882405,1664683139,0
antreni,11141902,1381858289,0
apclay777,28608460,1665158177,0
artemchamp76,73244538,1606979809,0
asolo1,28996382,1664620716,0
aston_phil,10398438,1406280039,0
aurorababy,262555721,1682072396,0
ayanokoji_sama,183326255,1673776717,0
ayetiqwin,46695208,1578872589,0
ayo_void,241301519,1676305104,0
badknightfu8,157130307,1650553036,0
baduk_player,103110642,1616353375,0
barca4life06,133719152,1648485445,0
barvidus,145201555,1672991382,0
ben5bass,7021915,1640029866,0
beqa24,92522020,1653807444,0
bojanptkc,91961090,1653830595,0
boldgoose,52527097,1672220878,0
bot_boy,132635122,1646349684,0
braamsa,37308188,1652470507,0
c0110sus,195275087,1666544649,0
calcularlimitada,168145253,1663192051,0
canari20,167860775,1652559686,0
carpe_noctum,39371060,1523687655,0
catalinviscu,7904628,1389530607,0
champion0001,44357924,1672736301,0
chavezo,2311052,1652509633,0
chazzers60,6539676,1605688864,0
checkorov,94577852,1620677140,0
chess132704,170455159,1669913816,0
chesswizard2010,33538247,1525388301,0
chin_the_pin,210334021,1684909003,0
chinguunb,103301358,1652483629,0
choc2s,190750161,1669400104,0
chrisginger,21227704,1467662756,0
chriskill,20548132,1505503752,0
cosimawitch,12552112,1655833222,0
croftangry20,88470744,1646348113,0
cs_is_better,253238625,1678639136,0
czechmedved,162675419,1656706762,0
darn123,95708898,1669278639,0
darwere,71367156,1668302630,0
daveyboy04,2333987,1414598090,0
dawnchorus21,133424336,1618522756,0
dchapman196,98843430,1651795912,0
deadhedd,165577505,1672274641,0
deeeo,17360216,1664677846,0
defgecd69,104379958,1633174462,0
desert_storm1974,38830996,1659300643,0
dibumartinez23,75992282,1675151780,0
digitaylor,15180806,1404855437,0
dnrw9,4870045,1558514412,0
docexadrez,148603001,1648315061,0
donevpetar,135051440,1680433358,0
donnywithad,92716044,1651903225,0
doug7653,23443812,1441121653,0
dr_john_57,19840180,1467917674,0
dragonet35,86712314,1619536278,0
droolingdragon,115210506,1652834770,0
drzaiuss,48059340,1652635944,0
dumbdog62,10018878,1382372460,0
edilberto1960,152539413,1637372235,0
enhard,92294804,1690289220,0
ettoremajorana,9277758,1375456167,0
evilschemingbishop,2528803,1483878470,0
farhanhassan07,45026776,1674616959,0
fast_chesswins,272450545,1684517615,0
fieldsgood,5012123,1509798101,0
firefistdace,157173051,1653500791,0
floryano25,90277558,1653633860,0
francinildo1990,176392509,1660360519,0
gaborhorvath,42592306,1685105551,0
garyaaa,5086764,1680116920,0
gaston-david,87842762,1652833351,0
gholamrezamohammadi,42411256,1651903117,0
ghostwiz,152780477,1636134840,0
giancz91,10067496,1592240385,0
gibson2,29683674,1626585453,0
ginjaninja79,26083566,1457593418,0
gm_hikoru,182221745,1652078148,0
goldenhands7,105986710,1655811199,0
goodsoftheat,183279237,1663032617,0
gordonand,30443634,1510401143,0
gordonyoung,2173992,1373584829,0
graeme1982,64031138,1650922993,0
grantxiets,78577016,1605275991,0
great_champ,48586636,1653799777,0
guidetogrowth,200694107,1672179152,0
gushaz1,192095776,1674229855,0
hajiyev017,43106792,1653854557,0
harvey-nguyen,66152818,1670499494,0
havanminhtien,63929716,1650859511,0
hezza34,165675695,1664432348,0
houssammh,9923772,1650537842,0
hsacher,270042513,1687000946,0
iavashsa79,1598191,1662992179,0
ibnzajeb,115386652,1664940301,0
ilavarsanilavarasan,30967364,1648029449,0
iliemarginean,40228784,1644360239,0
ingmec99,72053240,1661965128,0
iraq_lion,12569756,1655303496,0
issambensmaili,69248674,1657225044,0
jackc96,13661848,1673197171,0
jake_foster,188393415,1683292347,0
janmajk,160280777,1681045849,0
jasknes77,101505296,1658902891,0
jaswant_s,155875279,1654847485,0
jay-tbadhours,143505129,1662923216,0
jenjake,182539001,1665148585,0
jhonsosa,44790644,1660519417,0
joaopaulomtmirandapeluchi,176224257,1653516939,0
john_warren,1774577,1675103694,0
jon031,4541952,1678434725,0
jon_howells,120837308,1633946235,0
jonasla97,11785610,1654209599,0
jonboi197501,87394936,1650799113,0
jonku_podzem,139975481,1664865333,0
jotecamo,74180764,1604453788,0
justanormalchess1,139003520,1635865635,0
kazutovn08,181913143,1653396392,0
kennyv,1808617,1364040520,0
kerniggut,28892280,1650798501,0
khupiscus,153629367,1634885536,0
killerinstinct33,143530311,1657471653,0
kirbyhasarevenge,121842392,1658243730,0
kliprsa,125631226,1653634722,0
krchessgames,233866291,1675365155,0
kuharigor1959,48201400,1657226763,0
kwa1,29871670,1605106623,0
lakesidefence,34553428,1543925025,0
lanceval,86702020,1651324882,0
lazarus599,126489620,1615916033,0
lazarus80,61614006,1575816757,0
leflaneurbreton,97222946,1653934573,0
legochessmastery,86777258,1614944026,0
leko7,89086080,1658242768,0
lenavb8,153956173,1662099870,0
ling1234,3663571,1483410405,0
littlemanpaul,149802675,1655131146,0
littlepuffling,111423538,1647882169,0
lizles21,6914781,1401499100,0
london717,4321741,1365316784,0
lord_edmund,166902511,1650998824,0
lostredoubt,23209486,1437848609,0
lucidlyall,23280766,1595177752,0
manuel269,86032044,1663367029,0
markbol,42046672,1653702680,0
markgaryjones,2288008,1380563298,0
mary6165,210381209,1672818622,0
matein8,2244399,1375123007,0
mazdadon,10808036,1553961062,0
mbry66,179758897,1672509926,0
mc2310,15325966,1460202728,0
mdoug,5898079,1372685501,0
mentaldepravity,43630176,1667478472,0
mentalhurricane,109084240,1653647978,0
mercedonyus,107416724,1651096522,0
mfh1974,95888002,1674651120,0
mickeyren1,5799079,1674730382,0
midnightmania,43047376,1673918674,0
mkamal100,29058174,1667769889,0
mogwai-1,18626922,1445883552,0
mohamed4365,56130522,1652384012,0
monarch757,46689934,1552054937,0
move_master11,85179424,1663619871,0
mr_o_brien,61773558,1674075452,0
mrmilvertoon,172278445,1659792493,0
musicplayer99,92451886,1602881272,0
mwt0003,33806912,1616703378,0
myauno,108309942,1656082963,0
na120831,188942693,1664913776,0
nannuetipitier,1113071,1672649076,0
nefasto973,91692270,1674734016,0
nevvverx,110030328,1667364399,0
ninifu,4130193,1653390462,0
noblesamwise,157697255,1634591699,0
norman_zhu2,94182268,1685773663,0
nostiken,19742088,1661634784,0
nsy2ndteam,6930293,1606708088,0
nuzniy24,57713430,1658250034,0
orank1234,155904515,1655070047,0
oscarcastle,16416740,1654814389,0
oscarpetherick,20555636,1654510148,0
owlman80,26026324,1657119073,0
palmeros48,37458160,1601631215,0
pathfinder64,34518192,1653150573,0
pawn_stack,9990740,1667494115,0
pawnpush78,192712813,1661109209,0
pc4eo,64057338,1663790471,0
petitesirah217,108534282,1627800018,0
petrie990,4757248,1664575849,0
phildor,1462461,1547132881,0
pietrocotroneo8,98348140,1633216122,0
ping59,9838798,1621459848,0
pinkrabbit,5165081,1669739088,0
prakash167,35774942,1527174332,0
prettyx,79039472,1658252688,0
quhar,108131122,1683062622,0
rakenightfur,162232665,1652747435,0
rash54,5732372,1421106510,0
rasputin1973,71084862,1662223983,0
rchrd1960,190759131,1670628417,0
reledger,171099217,1653327242,0
rev723,13732478,1645244516,0
rickwest69,64193066,1619566851,0
rnestito24,101840300,1657219787,0
robbie700,241393415,1676188981,0
robertkeitz111,9749534,1656507412,0
rohithafernando,120089468,1625959763,0
rubinho_1993,161374989,1666629889,0
ruixadrez27,191906291,1670629939,0
rusland1967,65488548,1605111265,0
ruznamamuna,48142934,1662131025,0
s0lm0,40663738,1653839169,0
salamamdrer6669,165752777,1664865842,0
sartresghost,8193042,1654539188,0
sasa333,8940426,1656020661,0
scarletsnail,97408806,1656075044,0
schesm,186469731,1672160027,0
screengazer,111454922,1611076090,0
sgd71,184644351,1680443366,0
shagmonkish,107739814,1666938904,0
shaolinkillerdeporco,73629008,1654561536,0
silveriombenzon,3449818,1667343360,0
simi_1111,159403623,1651835770,0
sirwasimmuridke99,170822031,1652890610,0
skibass,60385998,1652729796,0
skillz_hunter,195025395,1665318771,0
slav58,80752786,1620669431,0
smaribus,112531826,1652005773,0
smilingatthevoid,23038982,1654952446,0
snowycat,6567347,1429197246,0
sofko,16757970,1672177252,0
some_guy1one3,107954310,1654352207,0
spbvj7,187808503,1656232101,0
spiff21,152117031,1663265177,0
stephennelson-smith,3037129,1651564266,0
strim1,62958208,1654706924,0
stugiv,45388644,1614697889,0
sumy58,168555847,1650515293,0
sunidhi_018,162079531,1660378759,0
susanadualte,185802917,1655146396,0
tamirsoliman,7800084,1652206428,0
taner,1350929,1657362218,0
tar-aragorn_xiv,141882013,1652551713,0
tarek-sayed,28480750,1653837472,0
tarwana,174886949,1665465438,0
taxloss,12334346,1601297030,0
tendo89,138850956,1654545167,0
the-crooked-rook,78974142,1662099857,0
the_vicar_1,51895570,1551113129,0
thegedi,66892668,1572732650,0
thesaboteur,4340042,1670596790,0
thespockgambit,102929028,1662218709,0
tilbs11,67734002,1606839758,0
tomengelhardt,44048694,1653114468,0
tony_ferraro,146222013,1662210528,0
tpgmartin1,55251980,1554695971,0
ulisesplasencia,164565293,1647027595,0
universal_wave_fn,162571657,1661170020,0
vikingchucky,11744778,1655294246,0
walsamh,9573100,1610016984,0
warrior140,38410684,1667381936,0
wickedrooks,62099050,1663848521,0
wikkua,116314528,1625923474,0
wildrover137,12080990,1378677920,0
willowforest,10014040,1388944483,0
xueshanfeihu123,151700785,1662348706,0
yash_1434,175703507,1672701303,0
yassmenrosee,74807838,1680432743,0
you-win-sum,47603682,1657573176,0
yupi997,167286537,1657253109,0
yusifov2004,193809953,1673755013,0
zugzwischenzwang,157512535,1645206004,0
zxcghj,91767238,1662902413,0
